{
  "contactos pagina" : {
    "transaction" : "contactos pagina",
    "sampleCount" : 409,
    "errorCount" : 0,
    "errorPct" : 0.0,
    "meanResTime" : 108.02689486552569,
    "medianResTime" : 74.0,
    "minResTime" : 6.0,
    "maxResTime" : 301.0,
    "pct1ResTime" : 267.0,
    "pct2ResTime" : 277.0,
    "pct3ResTime" : 297.9999999999998,
    "throughput" : 105.24961399897066,
    "receivedKBytesPerSec" : 170.4139257913021,
    "sentKBytesPerSec" : 30.012585241893976
  },
  "Total" : {
    "transaction" : "Total",
    "sampleCount" : 2826,
    "errorCount" : 0,
    "errorPct" : 0.0,
    "meanResTime" : 958.0736022646856,
    "medianResTime" : 143.0,
    "minResTime" : 5.0,
    "maxResTime" : 3668.0,
    "pct1ResTime" : 3121.3,
    "pct2ResTime" : 3387.0,
    "pct3ResTime" : 3613.73,
    "throughput" : 404.4654358093602,
    "receivedKBytesPerSec" : 24629.44994945971,
    "sentKBytesPerSec" : 138.25802047552597
  },
  "api contactos" : {
    "transaction" : "api contactos",
    "sampleCount" : 1268,
    "errorCount" : 0,
    "errorPct" : 0.0,
    "meanResTime" : 2002.4321766561527,
    "medianResTime" : 2361.0,
    "minResTime" : 9.0,
    "maxResTime" : 3668.0,
    "pct1ResTime" : 3416.500000000001,
    "pct2ResTime" : 3543.55,
    "pct3ResTime" : 3652.93,
    "throughput" : 181.4798912265636,
    "receivedKBytesPerSec" : 23053.440205918134,
    "sentKBytesPerSec" : 33.141347323600975
  },
  "contactos" : {
    "transaction" : "contactos",
    "sampleCount" : 502,
    "errorCount" : 0,
    "errorPct" : 0.0,
    "meanResTime" : 104.24701195219123,
    "medianResTime" : 74.0,
    "minResTime" : 5.0,
    "maxResTime" : 294.0,
    "pct1ResTime" : 263.0,
    "pct2ResTime" : 272.84999999999997,
    "pct3ResTime" : 286.93999999999994,
    "throughput" : 117.6194939081537,
    "receivedKBytesPerSec" : 2314.7148840206187,
    "sentKBytesPerSec" : 21.01989002460169
  },
  "contactos get one" : {
    "transaction" : "contactos get one",
    "sampleCount" : 347,
    "errorCount" : 0,
    "errorPct" : 0.0,
    "meanResTime" : 121.97118155619597,
    "medianResTime" : 103.0,
    "minResTime" : 13.0,
    "maxResTime" : 298.0,
    "pct1ResTime" : 206.2,
    "pct2ResTime" : 264.0,
    "pct3ResTime" : 274.52,
    "throughput" : 97.77402085094393,
    "receivedKBytesPerSec" : 119.92594744998591,
    "sentKBytesPerSec" : 18.046181582840237
  },
  "contactos update" : {
    "transaction" : "contactos update",
    "sampleCount" : 300,
    "errorCount" : 0,
    "errorPct" : 0.0,
    "meanResTime" : 98.64333333333332,
    "medianResTime" : 93.0,
    "minResTime" : 13.0,
    "maxResTime" : 275.0,
    "pct1ResTime" : 174.0,
    "pct2ResTime" : 194.95,
    "pct3ResTime" : 219.91000000000008,
    "throughput" : 97.65625,
    "receivedKBytesPerSec" : 14.495849609375,
    "sentKBytesPerSec" : 151.06201171875
  }
}